{
    "version": 1,
    "OV2710":
    {
        "adn": {
            "bf":
            [
                {
                    "gain": 1,
                    "param": {
                        "level": 3,
                        "matrix":
                        [
                            1, 3, 1,
                            3, 5, 3,
                            1, 3, 1
                        ]
                    }
                },
                {
                    "gain": 17,
                    "param": {
                        "level": 3,
                        "matrix":
                        [
                            1, 2, 1,
                            2, 4, 2,
                            1, 2, 1
                        ]
                    }
                },
                {
                    "gain": 49,
                    "param": {
                        "level": 4,
                        "matrix":
                        [
                            1, 2, 1,
                            2, 4, 2,
                            1, 2, 1
                        ]
                    }
                },
                {
                    "gain": 560,
                    "param": {
                        "level": 6,
                        "matrix":
                        [
                            1, 3, 1,
                            3, 4, 3,
                            1, 3, 1
                        ]
                    }
                }
            ],
            "demosaic":
            [
                {
                    "gain": 1,
                    "gradient_ratio": 1.0
                }
            ]
        },
        "aen": {
            "gamma":
            {
                "use_gamma_param": true,
                "luma_env": "ae.luma.avg",
                "luma_min_step": 16.0,
                "table":
                [
                    {
                        "luma": 31.1,
                        "gamma_param": 0.51
                    },
                    {
                        "luma": 75.1,
                        "gamma_param": 0.53
                    },
                    {
                        "luma": 132.1,
                        "gamma_param": 0.56
                    }
                ]
            },    
            "sharpen":
            [
                {
                    "gain": 1,
                    "param": {
                        "h_thresh": 16,
                        "l_thresh": 3,
                        "h_coeff": 2.65,
                        "m_coeff": 2.95,
                        "matrix":
                        [
                            1, 2, 1,
                            2, 2, 2,
                            1, 2, 1
                        ]
                    }
                },
                {
                    "gain": 17,
                    "param": {
                        "h_thresh": 15,
                        "l_thresh": 4,
                        "h_coeff": 2.65,
                        "m_coeff": 2.45,
                        "matrix":
                        [
                            1, 1, 1,
                            1, 1, 1,
                            1, 1, 1
                        ]
                    }
                },
                {
                    "gain": 49,
                    "param": {
                        "h_thresh": 16,
                        "l_thresh": 4,
                        "h_coeff": 1.95,
                        "m_coeff": 2.15,
                        "matrix":
                        [
                            1, 2, 1,
                            2, 1, 2,
                            1, 2, 1
                        ]
                    }
                },
                {
                    "gain": 560,
                    "param": {
                        "h_thresh": 10,
                        "l_thresh": 3,
                        "h_coeff": 1.95,
                        "m_coeff": 1.65,
                        "matrix":
                        [
                            1, 1, 1,
                            1, 2, 1,
                            1, 1, 1
                        ]
                    }
                }
            ],
            "contrast":
            [
                {
                    "gain": 1,
                    "value": 130
                },
                {
                    "gain": 560,
                    "value": 128
                }  
            ]
        },
        "ian":
        {
            "color_temp": {
                "bp":
                [
                    {
                        "a0": 1.650000,
                        "a1": 0.467590
                    },
                    {
                        "a0": 1.58974359,
                        "a1": 0.48717949
                    },
                    {
                        "a0": 1.475,
                        "a1": 0.55
                    },
                    {
                        "a0": 1.34782609,
                        "a1": 0.60869565
                    },
                    {
                        "a0": 1.22916667,
                        "a1": 0.64583333
                    },
                    {
                        "a0": 1.14814815,
                        "a1": 0.68518519
                    },
                    {
                        "a0": 1.08928571,
                        "a1": 0.71428571
                    },
                    {
                        "a0": 1.01785714,
                        "a1": 0.73214286
                    },
                    {
                        "a0": 0.98245614,
                        "a1": 0.75438596
                    },
                    {
                        "a0": 0.93103448,
                        "a1": 0.77586207
                    },
                    {
                        "a0": 0.89655172,
                        "a1": 0.79310345
                    },
                    {
                        "a0": 0.83928571,
                        "a1": 0.82142857
                    },
                    {
                        "a0": 0.78571429,
                        "a1": 0.83928571
                    },
                    {
                        "a0": 0.72881356,
                        "a1": 0.86440678
                    },
                    {
                        "a0": 0.580000,
                        "a1": 0.925376
                    }
                ],
                "model": 2,
                "m_0":
                {
                },
                "m_1":
                {
                    "a0": -0.42865457426826414,
                    "a1": 1.1768505155718962
                },
                "m_2":
                {
                    "a0": -0.011133882682936802,
                    "a1": -0.4030082968106956,
                    "a2": 1.1628659553726577
                },
                "g":
                {
                    "a0": -0.3320, 
                    "a1": -0.1858,
                    "a2":
                    [
                        -229.36105556014311,
                        2159.897131588577,
                        -7162.536148725199,
                        11231.753503241636
                    ]
                },
                "f_n0": 0.78,
                "min_step": 100
            },
            "luma":
            {
                "ae":
                {
                    "weight":
                    [
                        1, 1, 1, 1, 1,
                        1, 1, 1, 1, 1,
                        1, 1, 1, 1, 1,
                        1, 1, 1, 1, 1,
                        1, 1, 1, 1, 1
                    ]
                }
            }
        },
        "acc":
        {
            "saturation":
            [
                {
                    "color_temp": 0,
                    "value": 128
                }
            ],
            "ccm":
            {
                "low_luma":
                {
                    "luma_env": "ae.luma.avg",
                    "threshold": 28,
                    "matrix":
                    [
                        1.00,  0.00, 0.00,
                        0.00,    1.00,  0.00,
                        0.00,  0.00,  1.00
                    ]
                },
                "table":
                [
                    {
                        "color_temp": 1513,
                        "matrix":
                        [
                            1.00,  0.00, 0.00,
                            0.00,    1.00,  0.00,
                            0.00,  0.00,  1.00
                        ]
                    },
                    {
                        "color_temp": 2320,
                        "matrix":
                        [
                            2.0000, -0.1680, -0.8320,
                            -0.3716, 2.0000, -0.6284,
                            -0.7150, -0.2850, 2.0000
                        ]
                    },
                    {
                        "color_temp": 2800,
                        "matrix":
                        [
                            1.9761, -0.4285, -0.5476,
                            -0.4205, 1.9828, -0.5623,
                            -0.5459, -0.4541, 2.0000
                        ]
                    },
                    {
                        "color_temp": 3360,
                        "matrix":
                        [
                            1.7050, -0.2456, -0.4594,
                            -0.5057, 1.9000, -0.4943,
                            -0.6433, -0.3567, 2.0000
                        ]
                    },
                    {
                        "color_temp": 3960,
                        "matrix":
                        [
                            1.8347, -0.4743, -0.3604,
                            -0.4104, 1.6943, -0.2839,
                            -0.5358, -0.4642, 2.0000
                        ]
                    },
                    {
                        "color_temp": 4290,
                        "matrix":
                        [
                            1.8834, -0.5513, -0.3321,
                            -0.3645, 1.6040, -0.2395,
                            -0.4466, -0.5534, 2.0000
                        ]
                    },
                    {
                        "color_temp": 4830,
                        "matrix":
                        [
                            1.8502, -0.5268, -0.3234,
                            -0.3698, 1.5748, -0.2050,
                            -0.4429, -0.5571, 2.0000
                        ]
                    },
                    {
                        "color_temp": 5088,
                        "matrix":
                        [
                            1.8580, -0.5667, -0.2913,
                            -0.3525, 1.5349, -0.1824,
                            -0.4282, -0.5718, 2.0000
                        ]
                    },
                    {
                        "color_temp": 5450,
                        "matrix":
                        [
                            1.8738, -0.4730, -0.4008,
                            -0.2833, 1.5003, -0.2170,
                            -0.3305, -0.6695, 2.0000
                        ]
                    },
                    {
                        "color_temp": 5919,
                        "matrix":
                        [
                            1.7754, -0.1986, -0.5768,
                            -0.2621, 1.5556, -0.2935,
                            -0.2095, -0.7905, 2.0000
                        ]
                    },
                    {
                        "color_temp": 6156,
                        "matrix":
                        [
                            1.8281, -0.2899, -0.5382,
                            -0.2462, 1.5368, -0.2906,
                            -0.1845, -0.8155, 2.0000
                        ]
                    },
                    {
                        "color_temp": 6854,
                        "matrix":
                        [
                            1.9149, -0.4067, -0.5082,
                            -0.2188, 1.5001, -0.2813,
                            -0.1584, -0.8268, 1.9852
                        ]
                    },
                    {
                        "color_temp": 7215,
                        "matrix":
                        [
                            1.9129, -0.3953, -0.5176,
                            -0.2111, 1.5054, -0.2943,
                            -0.1495, -0.7811, 1.9307
                        ]
                    },
                    {
                        "color_temp": 7860,
                        "matrix":
                        [
                            2.0000, -0.5195, -0.4805,
                            -0.1792, 1.4484, -0.2692,
                            -0.1428, -0.8157, 1.9585
                        ]
                    },
                    {
                        "color_temp": 9064,
                        "matrix":
                        [
                            1.00,  0.00, 0.00,
                            0.00,    1.00,  0.00,
                            0.00,  0.00,  1.00
                        ]
                    }
                ]
            }
        }
    }
}
